"country_other","totalcases","totaldeaths","totalrecovered","activecases","serious_critical","tot_cases_1m_pop","deaths_1m_pop","totaltests","tests_1m_pop","population","1_caseevery_x_ppl","1_deathevery_x_ppl","1_testevery_x_ppl","active_cases_1m_pop","cfr","recovery_rate","active_case_rate","tests_per_case","pop_category","testing_category"
"USA",111820082,1219487,109814428,786167,940,333985,3642,1186851502,3544901,334805269,3,275,0,2348,1.09057959732135,98.206356171336,0.703064231342631,10.6139387556521,"Very Large (>100M)","High Testing"
"India",45035393,533570,NA,NA,NA,32016,379,935879495,665334,1406631776,31,2636,2,0.4,1.18477926905179,NA,NA,20.7809776412965,"Very Large (>100M)","Medium Testing"
"France",40138560,167642,39970918,0,NA,612013,2556,271490188,4139547,65584518,2,391,0,NA,0.417658231884751,99.5823417681152,0,6.7638248108552,"Large (10-100M)","High Testing"
"Germany",38828995,183027,38240600,405368,NA,462891,2182,122332384,1458359,83883596,2,458,1,4833,0.47136682265405,98.4846504525806,1.04398272476535,3.1505421142113,"Large (10-100M)","High Testing"
"Brazil",38743918,711380,36249161,1783377,NA,179908,3303,63776166,296146,215353593,6,303,3,8281,1.83610754080163,93.5609067725159,4.60298568668249,1.64609490449572,"Very Large (>100M)","Medium Testing"
"S. Korea",34571873,35934,34535939,0,NA,673523,700,15804065,307892,51329899,1,1428,3,NA,0.103939986126873,99.8960600138731,0,0.457136499373349,"Large (10-100M)","Medium Testing"
"Japan",33803572,74694,NA,NA,NA,269169,595,100414883,799578,125584838,4,1681,1,95582,0.22096481401433,NA,NA,2.9705405984906,"Very Large (>100M)","Medium Testing"
"Italy",26723249,196487,26361218,165544,22,443445,3261,281126449,4665010,60262770,2,307,0,2747,0.735266134742823,98.6452582917594,0.619475573497818,10.519920276161,"Large (10-100M)","High Testing"
"UK",24910387,232112,24678275,0,NA,363666,3389,522526476,7628357,68497907,3,295,0,NA,0.931788012767525,99.0682119872325,0,20.9762488234326,"Large (10-100M)","High Testing"
"Russia",24124215,402756,23545818,175641,NA,165454,2762,273400000,1875095,145805947,6,362,1,1205,1.6695092462076,97.6024214673928,0.728069286399578,11.3330112503143,"Very Large (>100M)","High Testing"
"Turkey",17232066,102174,NA,NA,NA,201399,1194,162743369,1902052,85561976,5,837,1,4024,0.59292948390518,NA,NA,9.44421690353322,"Large (10-100M)","High Testing"
"Spain",13914811,121760,13762417,30634,231,297840,2606,471036328,10082298,46719142,3,384,0,656,0.875038834519563,98.9048072589703,0.220153906510121,33.8514355674684,"Large (10-100M)","High Testing"
"Australia",11853144,24414,11820014,8716,3,454687,937,81916639,3142326,26068792,2,1068,0,334,0.205970669047807,99.7204960979129,0.0735332330392679,6.91096294788961,"Large (10-100M)","High Testing"
"Vietnam",11625195,43206,10640971,941018,NA,117481,437,85826548,867342,98953541,9,2290,1,9510,0.371658281861078,91.5336990046189,8.09464271352007,7.38280501961472,"Large (10-100M)","Medium Testing"
"Taiwan",10241523,19005,10222518,0,NA,428720,796,30742304,1286903,23888595,2,1257,1,NA,0.185568103493982,99.814431896506,0,3.00173167604076,"Large (10-100M)","High Testing"
"Argentina",10128845,130841,9997258,746,NA,220143,2844,35716069,776264,46010234,5,352,1,16,1.29176623790768,98.7008686577789,0.00736510431347306,3.5261739122279,"Large (10-100M)","Medium Testing"
"Netherlands",8635786,22992,8612599,195,NA,501747,1336,25984435,1509718,17211447,2,749,1,11,0.266240965211505,99.731500989024,0.00225804576445039,3.00892530222495,"Large (10-100M)","High Testing"
"Mexico",7702809,334958,6899865,467986,NA,58549,2546,20013810,152124,131562772,17,393,7,3557,4.34851753431768,89.5759585886136,6.07552387706874,2.59824824943732,"Very Large (>100M)","Medium Testing"
"Iran",7627186,146811,NA,NA,NA,88665,1707,57320267,666338,86022837,11,586,2,1199,1.92483833487213,NA,NA,7.5152575274813,"Large (10-100M)","Medium Testing"
"Indonesia",6829221,162063,6647104,20054,NA,24466,581,114158919,408975,279134505,41,1722,2,72,2.37308179073426,97.3332683185974,0.29364989066835,16.7162431849841,"Very Large (>100M)","Medium Testing"
"Poland",6661991,120598,NA,NA,NA,176524,3196,39323709,1041970,37739785,6,313,1,31941,1.81023961155156,NA,NA,5.90269620598407,"Large (10-100M)","High Testing"
"Colombia",6400173,143200,6212152,44821,342,124244,2780,36951507,717327,51512762,8,360,1,870,2.237439519213,97.0622512860199,0.700309194767079,5.77351690337121,"Large (10-100M)","Medium Testing"
"Greece",6101379,37869,NA,NA,NA,591412,3671,102228365,9909078,10316637,2,272,0,NA,0.62066296815851,NA,NA,16.754960640865,"Large (10-100M)","High Testing"
"Austria",6081287,22542,6054934,3811,NA,670727,2486,211273524,23302116,9066710,1,402,0,420,0.370678114681974,99.5666542296063,0.0626676557116939,34.7415808528688,"Medium (1-10M)","High Testing"
"Portugal",5643062,28126,5614809,127,61,556484,2774,46139518,4549993,10140570,2,361,0,13,0.498417348595497,99.4993321001967,0.00225055120783716,8.17632661133264,"Large (10-100M)","High Testing"
"Ukraine",5557995,112418,5445577,0,NA,128681,2603,32603805,754855,43192122,8,384,1,NA,2.02263586059361,97.9773641394064,0,5.86610909149792,"Large (10-100M)","Medium Testing"
"Chile",5384853,64497,5252450,67906,7,279730,3350,50382097,2617225,19250195,4,298,0,3528,1.19774857363794,97.5411956463807,1.26105577998137,9.35626227865459,"Large (10-100M)","High Testing"
"Malaysia",5278406,37348,5233268,7790,11,159079,1126,68580916,2066869,33181072,6,888,0,235,0.707562093556274,99.1448554734138,0.147582433029972,12.992732275615,"Large (10-100M)","High Testing"
"Canada",4946090,59034,4881312,5744,99,128843,1538,66572774,1734189,38388419,8,650,1,150,1.19354884363204,98.6903190196701,0.116132136697877,13.4596770378218,"Large (10-100M)","High Testing"
"Belgium",4861695,34376,4826798,521,NA,416659,2946,37454182,3209915,11668278,2,339,0,45,0.707078498342656,99.2822050745676,0.010716427089729,7.70393494449981,"Large (10-100M)","High Testing"
"Israel",4841772,12707,4798473,30592,NA,519169,1363,41373364,4436346,9326000,2,734,0,3280,0.262445236991746,99.1057199719442,0.631834791064098,8.54508721187202,"Medium (1-10M)","High Testing"
"DPRK",4772813,74,4772739,0,NA,183636,3,NA,NA,25990679,5,351225,NA,NA,0.00155044834147074,99.9984495516585,0,NA,"Large (10-100M)","Unknown"
"Thailand",4770149,34586,4692636,42927,NA,68069,494,17273454,246488,70078203,15,2026,4,613,0.725050726926979,98.3750402765197,0.899908996553357,3.6211560687098,"Large (10-100M)","Medium Testing"
"Czechia",4759041,43517,4715206,318,2,443246,4053,57834241,5386552,10736784,2,247,0,30,0.914406915174717,99.0789110663262,0.00668201849910518,12.1524990013744,"Large (10-100M)","High Testing"
"Peru",4572667,222161,4350506,0,4,135751,6595,39010194,1158115,33684208,7,152,1,NA,4.8584556889885,95.1415443110115,0,8.53116879055483,"Large (10-100M)","High Testing"
"Switzerland",4453053,14452,4438309,292,NA,507549,1647,23833472,2716487,8773637,2,607,0,33,0.324541387672682,99.6689013133237,0.0065572990036274,5.35216445885553,"Medium (1-10M)","High Testing"
"Philippines",4140383,66864,4067381,6138,NA,36800,594,36102746,320888,112508994,27,1683,3,55,1.61492306388081,98.2368297812062,0.148247154912963,8.71966337413713,"Very Large (>100M)","Medium Testing"
"South Africa",4076463,102595,3912506,61362,192,67095,1689,26795090,441027,60756135,15,592,2,1010,2.51676514664796,95.9779593240513,1.50527552930077,6.57312233669237,"Large (10-100M)","Medium Testing"
"Romania",3529735,68929,3460149,657,21,185470,3622,28758667,1511122,19031335,5,276,1,35,1.95280948853101,98.0285772161366,0.0186132953323691,8.14754280420485,"Large (10-100M)","High Testing"
"Denmark",3183756,8814,3174942,0,NA,545636,1511,129333107,22165247,5834950,2,662,0,NA,0.276842823382194,99.7231571766178,0,40.6228074638886,"Medium (1-10M)","High Testing"
"Singapore",3006155,2024,3004131,0,4,505785,341,24756666,4165302,5943546,2,2937,0,NA,0.0673285309639722,99.932671469036,0,8.23532585645118,"Medium (1-10M)","High Testing"
"Hong Kong",2937609,14924,2916005,6680,NA,386309,1963,76127725,10011143,7604299,3,510,0,878,0.508032212591941,99.2645719699252,0.227395817482858,25.914859669888,"Medium (1-10M)","High Testing"
"Sweden",2754129,27407,2726492,230,NA,269511,2682,19500873,1908301,10218971,4,373,1,23,0.995124048292582,98.9965248541372,0.00835109757023001,7.08059535337669,"Large (10-100M)","High Testing"
"New Zealand",2621111,5697,2613791,1623,NA,535117,1163,7768604,1586011,4898203,2,860,1,331,0.217350581490063,99.720729110671,0.0619203078389278,2.96385921847644,"Medium (1-10M)","High Testing"
"Serbia",2615054,18057,2596608,389,NA,302213,2087,13463733,1555958,8653016,3,479,1,45,0.690501993457879,99.2946225967035,0.0148754098385731,5.14854874889773,"Medium (1-10M)","High Testing"
"Iraq",2465545,25375,2439497,673,NA,58474,602,19544451,463523,42164965,17,1662,2,16,1.029184216877,98.9435195869473,0.0272961961756934,7.92703073762596,"Large (10-100M)","Medium Testing"
"Hungary",2230232,49048,2152155,29029,NA,232164,5106,11394556,1186160,9606259,4,196,1,3022,2.19923308427105,96.4991534513001,1.30161346442881,5.10913483440288,"Medium (1-10M)","High Testing"
"Bangladesh",2049377,29493,NA,NA,NA,12207,176,15254399,90862,167885689,82,5692,11,-168.58,1.4391202789921,NA,NA,7.44343232113955,"Very Large (>100M)","Low Testing"
"Slovakia",1877605,21224,1856381,0,23,343872,3887,7448789,1364199,5460193,3,257,1,NA,1.1303761973365,98.8696238026635,0,3.96717573717582,"Medium (1-10M)","High Testing"
"Georgia",1861665,17132,NA,NA,NA,469082,4317,16920079,4263340,3968738,2,232,0,17130,0.920251495301249,NA,NA,9.0886808314063,"Medium (1-10M)","High Testing"
"Jordan",1746997,14122,1731007,1868,59,169597,1371,17201885,1669945,10300869,6,729,1,181,0.808358571880776,99.0847150853722,0.106926342747011,9.84654524306567,"Large (10-100M)","High Testing"
"Ireland",1734582,9491,1724921,170,19,345521,1891,13083449,2606161,5020199,3,529,0,34,0.547163524122815,99.4430358437941,0.00980063208311859,7.54271000160269,"Medium (1-10M)","High Testing"
"Pakistan",1581936,30664,1538689,12583,NA,6893,134,30589153,133292,229488994,145,7484,8,55,1.93838435941783,97.2661978739974,0.795417766584742,19.3365300492561,"Very Large (>100M)","Medium Testing"
"Finland",1516117,11958,1503989,170,NA,272930,2153,12108977,2179850,5554960,4,465,0,31,0.788725408395262,99.2000617366602,0.0112128549445722,7.98683544871537,"Medium (1-10M)","High Testing"
"Norway",1509732,6638,1503094,0,NA,273930,1204,11002430,1996315,5511370,4,830,1,NA,0.439680685048737,99.5603193149513,0,7.28767092437598,"Medium (1-10M)","High Testing"
"Kazakhstan",1411831,13848,1383020,14963,24,73514,721,11575012,602707,19205043,14,1387,2,779,0.9808539407337,97.9593166604218,1.05982939884448,8.19858184159436,"Large (10-100M)","Medium Testing"
"Lithuania",1397806,9897,1387478,431,NA,525154,3718,10540357,3959997,2661708,2,269,0,162,0.708038168386743,99.2611277959889,0.0308340356244,7.54064369447549,"Medium (1-10M)","High Testing"
"Slovenia",1356546,7100,1349424,22,NA,652803,3417,2847701,1370382,2078034,2,293,1,11,0.523388075303012,99.4749901588299,0.00162176586713609,2.09922921891333,"Medium (1-10M)","High Testing"
"Bulgaria",1339851,38748,1292944,8159,22,195753,5661,11671043,1705147,6844597,5,177,1,1192,2.89196336010497,96.4990883314637,0.608948308431311,8.71070216016557,"Medium (1-10M)","High Testing"
"Croatia",1309728,18687,1258432,32609,NA,322650,4604,5660084,1394355,4059286,3,217,1,8033,1.42678479806494,96.0834616042415,2.48975359769357,4.32157211268294,"Medium (1-10M)","High Testing"
"Guatemala",1291293,20289,1269891,1113,5,69484,1092,7593848,408622,18584039,14,916,2,60,1.57121582785626,98.342591495501,0.0861926766427139,5.88080939027781,"Large (10-100M)","Medium Testing"
"Morocco",1278992,16303,NA,NA,NA,33860,432,13001033,344191,37772756,30,2317,3,173,1.27467568209965,NA,NA,10.1650620175889,"Large (10-100M)","Medium Testing"
"Lebanon",1243838,10952,1087587,145299,74,186068,1638,4795578,717380,6684849,5,610,1,21736,0.880500515340422,87.4379943368831,11.6815051477765,3.85546831661358,"Medium (1-10M)","Medium Testing"
"Costa Rica",1238883,9428,NA,NA,NA,239058,1819,4659757,899158,5182354,4,550,1,71154,0.76100810165286,NA,NA,3.76125671270007,"Medium (1-10M)","Medium Testing"
"Bolivia",1212131,22407,1177145,12579,220,101073,1868,2710261,225993,11992656,10,535,4,1049,1.84856257285722,97.1136783070477,1.03775912009511,2.2359472697258,"Large (10-100M)","Medium Testing"
"Tunisia",1153361,29423,NA,NA,NA,95741,2442,5013383,416164,12046656,10,409,2,1157,2.55106597153883,NA,NA,4.34675960085351,"Large (10-100M)","Medium Testing"
"Cuba",1115251,8530,1106660,61,NA,98645,754,14402674,1273936,11305652,10,1325,1,5,0.764850244474114,99.2296801347858,0.00546962074008452,12.9142892496846,"Large (10-100M)","High Testing"
"Ecuador",1070188,36043,1034145,0,NA,59083,1990,3082403,170173,18113361,17,503,6,NA,3.36791292744826,96.6320870725517,0,2.88024440565583,"Large (10-100M)","Medium Testing"
"UAE",1067030,2349,NA,NA,NA,105837,233,200732262,19910389,10081785,9,4292,0,1007,0.220143763530547,NA,NA,188.122416426905,"Large (10-100M)","High Testing"
"Panama",1059893,8727,1051102,64,16,238341,1962,7882622,1772585,4446964,4,510,1,14,0.823385002070964,99.1705766525489,0.00603834538014686,7.43718658392875,"Medium (1-10M)","High Testing"
"Uruguay",1041111,7664,1030944,2503,18,297799,2192,6114822,1749083,3496016,3,456,1,716,0.736136684753115,99.0234470676037,0.240416247643143,5.87336220633535,"Medium (1-10M)","High Testing"
"Mongolia",1011496,2284,1009212,0,NA,299429,676,4030048,1193000,3378078,3,1479,1,NA,0.225804155429186,99.7741958445708,0,3.98424511812207,"Medium (1-10M)","High Testing"
"Nepal",1003450,12031,991322,97,NA,33199,398,6047766,200088,30225582,30,2512,5,3,1.19896357566396,98.7913697742787,0.00966665005730231,6.02697294334546,"Large (10-100M)","Medium Testing"
"Belarus",994037,7118,985592,1327,NA,105381,755,13646641,1446722,9432800,9,1325,1,141,0.716069924962552,99.1504340381696,0.133496036867843,13.728504069768,"Medium (1-10M)","High Testing"
"Latvia",982505,6715,971406,4384,NA,531418,3632,7885792,4265272,1848837,2,275,0,2371,0.68345708164335,98.8703365377275,0.446206380629106,8.02621055363586,"Medium (1-10M)","High Testing"
"Saudi Arabia",841469,9646,NA,NA,NA,23475,269,45481735,1268848,35844909,43,3716,1,109,1.14632862292016,NA,NA,54.0503987669183,"Large (10-100M)","High Testing"
"Paraguay",837602,20155,NA,NA,NA,114648,2759,2657506,363751,7305843,9,362,3,16306,2.40627410154226,NA,NA,3.17275507938138,"Medium (1-10M)","Medium Testing"
"Azerbaijan",835234,10400,824089,745,NA,81089,1010,7748050,752223,10300205,12,990,1,72,1.24516003898309,98.6656434005321,0.0891965604848462,9.27650215388741,"Large (10-100M)","Medium Testing"
"Bahrain",729549,1574,727915,60,NA,408944,882,10948549,6137138,1783983,2,1133,0,34,0.215749730312837,99.7760260105901,0.00822425909705859,15.0072839521403,"Medium (1-10M)","High Testing"
"Cyprus",681110,1365,679745,0,NA,556741,1116,9640118,7879860,1223387,2,896,0,NA,0.200408157272687,99.7995918427273,0,14.1535405441118,"Medium (1-10M)","High Testing"
"Dominican Republic",675890,4384,671316,190,4,61131,397,3740928,338350,11056370,16,2522,3,17,0.648626255751676,99.3232626610839,0.0281110831644202,5.53481779579517,"Large (10-100M)","Medium Testing"
"Sri Lanka",672754,16897,655852,5,NA,31181,783,6486117,300619,21575842,32,1277,3,0.2,2.51161643037425,97.4876403559102,0.000743213715563193,9.64114223029518,"Large (10-100M)","Medium Testing"
"Kuwait",667158,2570,NA,NA,NA,152308,587,8455743,1930391,4380326,7,1704,1,993,0.385216095737441,NA,NA,12.674273560386,"Medium (1-10M)","High Testing"
"Myanmar",641873,19495,620159,2219,NA,11622,353,11711514,212061,55227143,86,2833,5,40,3.0372051792177,96.6170878039737,0.345707016808621,18.2458430250221,"Large (10-100M)","Medium Testing"
"Moldova",635145,12218,NA,NA,NA,158265,3044,3216305,801437,4013171,6,328,1,29599,1.92365522833369,NA,NA,5.06389092254525,"Medium (1-10M)","Medium Testing"
"Estonia",628070,3001,NA,NA,NA,475123,2270,6968103,5271239,1321910,2,440,0,75708,0.477812982629325,NA,NA,11.0944687694047,"Medium (1-10M)","High Testing"
"Palestine",621008,5404,615445,159,NA,116173,1011,3078533,575907,5345541,9,989,2,30,0.870198129492696,99.1041983356092,0.0256035348981011,4.95731616984,"Medium (1-10M)","Medium Testing"
"Venezuela",552695,5856,546537,302,31,18885,200,3359014,114771,29266991,53,4998,9,10,1.05953554853943,98.8858231031582,0.0546413483024091,6.07751834194266,"Large (10-100M)","Medium Testing"
"Egypt",516023,24613,442182,49228,122,4861,232,3693367,34792,106156692,206,4313,29,464,4.76974863523525,85.6903665146709,9.53988485009389,7.15736895448459,"Very Large (>100M)","Low Testing"
"Qatar",514524,690,513687,147,16,172664,232,4065369,1364257,2979915,6,4319,1,49,0.134104531567041,99.8373253725774,0.0285700958555869,7.90122326655316,"Medium (1-10M)","High Testing"
"Libya",507274,6437,500835,2,NA,72048,914,2483848,352782,7040745,14,1094,3,0.3,1.26893946861065,98.7306662671456,0.000394264243781467,4.89646226694055,"Medium (1-10M)","Medium Testing"
"Ethiopia",501157,7574,488171,5412,NA,4148,63,5565340,46066,120812698,241,15951,22,45,1.51130284521617,97.4087960459497,1.07990110883416,11.1049830691779,"Very Large (>100M)","Low Testing"
"Réunion",494595,921,NA,NA,NA,544672,1014,1603660,1766027,908061,2,986,1,82706,0.186212962120523,NA,NA,3.24237001991528,"Small (<1M)","High Testing"
"Honduras",474590,11165,NA,NA,NA,46432,1092,1660662,162472,10221247,22,915,6,32372,2.35255694388841,NA,NA,3.49915084599338,"Large (10-100M)","Medium Testing"
"Armenia",451831,8777,435162,7892,NA,152031,2953,3242901,1091164,2971966,7,339,1,2655,1.94254046313777,96.3107887683669,1.7466707684953,7.17724326130788,"Medium (1-10M)","High Testing"
"Bosnia and Herzegovina",403615,16388,379084,8143,NA,124215,5044,1884721,580036,3249317,8,198,2,2506,4.06030499362016,93.9221783134918,2.01751669288802,4.66960098113301,"Medium (1-10M)","Medium Testing"
"Oman",399449,4628,NA,NA,NA,75028,869,2.5e+07,4695724,5323993,13,1150,0,1907,1.15859596594309,NA,NA,62.5862125077294,"Medium (1-10M)","High Testing"
"Luxembourg",391232,1232,NA,NA,NA,609044,1918,4587145,7140959,642371,2,521,0,114124,0.314902666448552,NA,NA,11.7248716873875,"Small (<1M)","High Testing"
"North Macedonia",350567,9976,337068,3523,NA,168436,4793,2226216,1069626,2081304,6,209,1,1693,2.84567571961993,96.1493808601494,1.00494342023065,6.35032960889074,"Medium (1-10M)","High Testing"
"Zambia",349304,4069,341316,3919,NA,17940,209,4112961,211244,19470234,56,4785,5,201,1.16488789134966,97.7131667544603,1.12194535419005,11.7747320385681,"Large (10-100M)","Medium Testing"
"Kenya",344130,5689,337309,1132,NA,6122,101,3967062,70569,56215221,163,9881,14,20,1.65315433121204,98.0179002121291,0.328945456658821,11.5278005404934,"Large (10-100M)","Low Testing"
"Brunei",343719,225,243601,99893,3,771655,505,717784,1611437,445431,1,1980,1,224261,0.0654604487968369,70.8721368327035,29.0624027184997,2.08828723463061,"Small (<1M)","High Testing"
"Albania",334863,3605,330233,1025,NA,116825,1258,1941032,677173,2866374,9,795,1,358,1.07655966768499,98.6173450037777,0.306095328537342,5.79649588040482,"Medium (1-10M)","Medium Testing"
"Botswana",330638,2801,327049,788,1,135443,1147,2026898,830300,2441162,7,872,1,323,0.84715005534754,98.9145228316165,0.238327113036009,6.13026330911752,"Medium (1-10M)","Medium Testing"
"Montenegro",296542,2846,291794,1902,NA,472238,4532,2769281,4410034,627950,2,221,0,3029,0.959729144606835,98.3988777306419,0.6413931247513,9.33857935806732,"Small (<1M)","High Testing"
"Algeria",272010,6881,183061,82068,NA,5998,152,230960,5093,45350148,167,6591,196,1810,2.52968640858792,67.2993639939708,30.1709495974413,0.849086430645932,"Large (10-100M)","Low Testing"
"Nigeria",267188,3155,259953,4080,11,1233,15,5708974,26339,216746934,811,68700,38,19,1.1808165037352,97.2921688099765,1.52701468628831,21.366880249113,"Very Large (>100M)","Low Testing"
"Zimbabwe",266359,5740,258888,1731,12,17373,374,2525756,164744,15331428,58,2671,6,113,2.15498631546146,97.1951388914961,0.649874793042473,9.48252546375381,"Large (10-100M)","Medium Testing"
"Uzbekistan",253662,1637,241486,10539,23,7378,48,1377915,40077,34382084,136,21003,25,307,0.645346957762692,95.1999116935134,4.15474134872389,5.43209073491497,"Large (10-100M)","Low Testing"
"Afghanistan",234174,7996,211080,15098,NA,5746,196,1390730,34125,40754388,174,5097,29,370,3.41455498902525,90.1381024366497,6.44734257432507,5.93887451211492,"Large (10-100M)","Low Testing"
"Mozambique",233731,2250,228805,2676,11,7064,68,1371127,41437,33089461,142,14706,24,81,0.962645092007479,97.8924490118983,1.14490589609423,5.86626078697306,"Large (10-100M)","Low Testing"
"Martinique",230354,1102,NA,NA,NA,615777,2946,828928,2215870,374087,2,339,0,612553,0.478394123826806,NA,NA,3.59849622754543,"Small (<1M)","High Testing"
"Laos",218970,758,NA,NA,NA,29270,101,1233207,164845,7481023,34,9869,6,28145,0.346166141480568,NA,NA,5.63185367858611,"Medium (1-10M)","Medium Testing"
"Iceland",209906,229,NA,NA,NA,607731,663,1996384,5780036,345393,2,1508,0,387941,0.109096452697874,NA,NA,9.51084771278572,"Small (<1M)","High Testing"
"Kyrgyzstan",206897,2991,196406,7500,131,30750,445,1907195,283460,6728271,33,2250,4,1115,1.44564686776512,94.9293609863845,3.62499214585035,9.21808919414008,"Medium (1-10M)","Medium Testing"
"Guadeloupe",203235,1021,NA,NA,NA,508349,2554,938039,2346306,399794,2,392,0,500168,0.502374098949492,NA,NA,4.61553866213989,"Small (<1M)","High Testing"
"El Salvador",201855,4230,179410,18215,NA,30816,646,2610114,398467,6550389,32,1549,3,2781,2.09556364717248,88.88063213693,9.02380421589755,12.9306383294939,"Medium (1-10M)","Medium Testing"
"Trinidad and Tobago",191496,4390,187078,28,NA,136143,3121,913289,649295,1406585,7,320,2,20,2.29247608305134,97.6929022016126,0.0146217153360906,4.76923277770815,"Medium (1-10M)","Medium Testing"
"Maldives",186694,316,163687,22691,25,345100,584,2213831,4092223,540985,3,1712,0,41944,0.169260929649587,87.6766259226328,12.1541131477177,11.8580725679454,"Small (<1M)","High Testing"
"Namibia",172389,4106,167099,1184,NA,65451,1559,1062663,403460,2633874,15,641,2,450,2.38182250607637,96.9313587293853,0.686818764538341,6.16433183091729,"Medium (1-10M)","Medium Testing"
"Uganda",172149,3632,100431,68086,NA,3554,75,3012408,62198,48432863,281,13335,16,1406,2.10980023119507,58.3395779237753,39.5506218450296,17.4988411201924,"Large (10-100M)","Low Testing"
"Ghana",171889,1462,170425,2,NA,5306,45,2541625,78456,32395450,188,22158,13,0.06,0.850548900744085,99.148287557668,0.00116354158788521,14.7864319415437,"Large (10-100M)","Low Testing"
"Jamaica",156869,3756,NA,NA,NA,52551,1258,1183986,396633,2985094,19,795,3,16712,2.39435452511331,NA,NA,7.54760978905966,"Medium (1-10M)","Medium Testing"
"Cambodia",139103,3056,136044,3,NA,8102,178,3091420,180062,17168639,123,5618,6,0.2,2.19693320776691,97.8009101169637,0.00215667526940469,22.2239635378101,"Large (10-100M)","Medium Testing"
"Rwanda",133518,1468,132039,11,NA,9817,108,6021981,442778,13600464,102,9265,2,0.8,1.0994772240447,98.8922841864018,0.00823858955346845,45.1023906888959,"Large (10-100M)","Medium Testing"
"Cameroon",125379,1974,123280,125,NA,4492,71,1751774,62762,27911548,223,14140,16,4,1.57442633933912,98.3258759441374,0.0996977165235008,13.9718294132191,"Large (10-100M)","Low Testing"
"Malta",121420,885,120149,386,NA,273448,1993,2170600,4888375,444033,4,502,0,869,0.728874979410311,98.9532202273102,0.317904793279526,17.8767913029155,"Small (<1M)","High Testing"
"Barbados",110578,648,108647,1283,NA,383921,2250,814159,2826715,288023,3,444,0,4455,0.58601168406012,98.2537213550616,1.16026696087829,7.36275751053555,"Small (<1M)","High Testing"
"Angola",107327,1937,103419,1971,NA,3064,55,1499795,42818,35027343,326,18083,23,56,1.80476487743066,96.358791357254,1.83644376531534,13.9740698985344,"Large (10-100M)","Low Testing"
"Channel Islands",101717,228,101321,168,NA,576421,1292,1252808,7099551,176463,2,774,0,952,0.224151321804615,99.6106845463394,0.165164131856032,12.3166039108507,"Small (<1M)","High Testing"
"DRC",99338,1468,84489,13381,NA,1043,15,846704,8890,95240792,959,64878,112,140,1.47778292294993,85.0520445348205,13.4701725422296,8.52346534055447,"Large (10-100M)","Low Testing"
"French Guiana",98041,420,11254,86367,6,312065,1337,651257,2072951,314169,3,748,0,274906,0.428392203261901,11.4788710845463,88.0927367121919,6.64270050285085,"Small (<1M)","High Testing"
"Malawi",89535,2686,NA,NA,NA,4437,133,624784,30959,20180839,225,7513,32,16,2.99994415591668,NA,NA,6.97809795052214,"Large (10-100M)","Low Testing"
"Senegal",89053,1971,87024,58,NA,5044,112,1146543,64946,17653671,198,8957,15,3,2.21328871570862,97.7215815301001,0.0651297541913243,12.874838579273,"Large (10-100M)","Low Testing"
"Ivory Coast",88384,835,87497,52,NA,3186,30,1690934,60951,27742298,314,33224,16,2,0.94474112961622,98.996424692252,0.0588341781317886,19.131675416365,"Large (10-100M)","Low Testing"
"Suriname",82588,1408,NA,NA,NA,138378,2359,242207,405822,596831,7,424,2,52623,1.70484816196058,NA,NA,2.93271419576694,"Small (<1M)","Medium Testing"
"New Caledonia",80064,314,NA,NA,NA,275214,1079,98964,340182,290915,4,926,3,498,0.392186250999201,NA,NA,1.23606115107914,"Small (<1M)","Medium Testing"
"French Polynesia",79254,650,NA,NA,NA,278902,2287,NA,NA,284164,4,437,NA,158725,0.820147878971408,NA,NA,NA,"Small (<1M)","Unknown"
"Eswatini",75191,1427,73116,648,NA,63462,1204,1048704,885119,1184817,16,830,1,547,1.89783351730925,97.2403612134431,0.861805269247649,13.9472011277945,"Medium (1-10M)","Medium Testing"
"Guyana",74137,1300,72013,824,NA,93366,1637,733218,923396,794045,11,611,1,1038,1.75351039292121,97.1350337887964,1.11145581828237,9.89004140982236,"Small (<1M)","Medium Testing"
"Belize",71409,688,NA,NA,NA,173243,1669,576016,1397453,412190,6,599,1,1543,0.963463989133023,NA,NA,8.06643420297161,"Small (<1M)","High Testing"
"Fiji",69117,885,67226,1006,NA,75997,973,672883,739866,909466,13,1028,1,1106,1.28043751898954,97.2640594933229,1.45550298768754,9.73541965073716,"Small (<1M)","Medium Testing"
"Madagascar",68486,1426,66862,198,NA,2347,49,531329,18210,29178077,426,20461,55,7,2.0821773793184,97.6287124375785,0.289110183103116,7.75821335747452,"Large (10-100M)","Low Testing"
"Cabo Verde",64477,417,63755,305,23,113580,735,401622,707482,567678,9,1361,1,537,0.646742249174124,98.8802208539479,0.473036896877956,6.22891883927602,"Small (<1M)","Medium Testing"
"Sudan",63993,5046,58947,0,NA,1391,110,562941,12240,45992020,719,9115,82,NA,7.88523744784586,92.1147625521541,0,8.79691528760958,"Large (10-100M)","Low Testing"
"Mauritania",63848,997,62471,380,NA,13025,203,1009957,206030,4901981,77,4917,5,78,1.56152111264253,97.8433153740133,0.595163513344192,15.8181462222779,"Medium (1-10M)","Medium Testing"
"Bhutan",62697,21,61564,1112,NA,79571,27,2303734,2923739,787941,13,37521,0,1411,0.0334944255706015,98.1928959918337,1.77360958259566,36.7439271416495,"Small (<1M)","High Testing"
"Syria",57743,3165,54578,0,NA,2982,163,146269,7553,19364809,335,6118,132,NA,5.48118386644269,94.5188161335573,0,2.53310357965468,"Large (10-100M)","Low Testing"
"Burundi",54721,38,53569,1114,NA,4334,3,345742,27386,12624840,231,332233,37,88,0.0694431753805669,97.8947753147786,2.03578150984083,6.31826903748104,"Large (10-100M)","Low Testing"
"Seychelles",51220,172,51048,0,NA,515157,1730,NA,NA,99426,2,578,NA,NA,0.335806325654041,99.664193674346,0,NA,"Small (<1M)","Unknown"
"Gabon",49051,307,48674,70,NA,21038,132,1621909,695641,2331533,48,7595,1,30,0.625879186968665,99.2314122036248,0.142708609406536,33.0657682819922,"Medium (1-10M)","Medium Testing"
"Andorra",48015,165,NA,NA,NA,619844,2130,249838,3225256,77463,2,469,0,3705,0.343642611683849,NA,NA,5.20333229199209,"Small (<1M)","High Testing"
"Papua New Guinea",46864,670,46168,26,NA,5043,72,249149,26813,9292169,198,13869,37,3,1.42966882895186,98.5148514851485,0.0554796858996244,5.31642625469444,"Medium (1-10M)","Low Testing"
"Curaçao",45986,295,44720,971,3,277812,1782,496693,3000640,165529,4,561,0,5866,0.641499586830775,97.2469882138042,2.11151219936502,10.8009611620928,"Small (<1M)","High Testing"
"Aruba",44224,292,42438,1494,2,410969,2714,177885,1653068,107609,2,369,1,13884,0.66027496382055,95.9614688856729,3.37825615050651,4.02236342257598,"Small (<1M)","High Testing"
"Tanzania",43223,846,NA,NA,NA,683,13,NA,NA,63298550,1464,74821,NA,667,1.95729125696967,NA,NA,NA,"Large (10-100M)","Unknown"
"Mauritius",43025,1051,41278,696,NA,33752,824,358675,281374,1274727,30,1213,4,546,2.44276583381755,95.9395700174317,1.61766414875073,8.33643230679837,"Medium (1-10M)","Medium Testing"
"Mayotte",42027,188,NA,NA,NA,146815,657,176919,618038,286259,7,1523,2,135804,0.447331477383587,NA,NA,4.20965093868228,"Small (<1M)","Medium Testing"
"Togo",39572,290,39281,1,NA,4559,33,815204,93908,8680837,219,29934,11,0.1,0.732841403012231,99.264631557667,0.00252703932073183,20.6005256241787,"Medium (1-10M)","Low Testing"
"Guinea",38572,468,37757,347,NA,2782,34,660107,47607,13865691,359,29628,21,25,1.21331535829099,97.8870683397283,0.899616301980711,17.1136316499015,"Large (10-100M)","Low Testing"
"Bahamas",38084,844,36366,874,1,95087,2107,257839,643767,400516,11,475,2,2182,2.21615376536078,95.4889192311732,2.29492700346602,6.77027097993908,"Small (<1M)","Medium Testing"
"Isle of Man",38008,116,NA,NA,NA,443335,1353,150753,1758422,85732,2,739,1,129450,0.30519890549358,NA,NA,3.96634918964429,"Small (<1M)","High Testing"
"Lesotho",36138,723,25980,9435,NA,16610,332,431221,198199,2175699,60,3009,5,4337,2.00066412087,71.8910841773203,26.1082517018097,11.9326194033981,"Medium (1-10M)","Medium Testing"
"Haiti",34667,860,33734,73,NA,2968,74,132422,11337,11680283,337,13582,88,6,2.48074537744829,97.3086797242334,0.210574898318285,3.8198286554937,"Large (10-100M)","Low Testing"
"Faeroe Islands",34658,28,NA,NA,NA,703959,569,778000,15802409,49233,1,1758,0,547133,0.0807894281262623,NA,NA,22.4479196722257,"Small (<1M)","High Testing"
"Mali",33164,743,32332,89,NA,1544,35,804909,37483,21473764,648,28901,27,4,2.24038113617175,97.491255578338,0.268363285490291,24.2705644674949,"Large (10-100M)","Low Testing"
"Cayman Islands",31472,37,8553,22882,1,467797,550,222773,3311280,67277,2,1818,0,340116,0.117564819522115,27.1765378749365,72.7058973055414,7.07845068632435,"Small (<1M)","High Testing"
"Saint Lucia",30215,410,29805,0,NA,163225,2215,210983,1139752,185113,6,451,1,NA,1.35694191626675,98.6430580837333,0,6.98272381267582,"Small (<1M)","High Testing"
"Benin",28036,163,27847,26,NA,2193,13,604310,47268,12784726,456,78434,21,2,0.581395348837209,99.3258667427593,0.0927379084034812,21.5547867028107,"Large (10-100M)","Low Testing"
"Macao",27673,123,3487,24063,NA,41458,184,7850,11760,667490,24,5427,85,36050,0.444476565605464,12.6007299533842,86.9547934810104,0.283670003252268,"Small (<1M)","Low Testing"
"Somalia",27334,1361,13182,12791,NA,1623,81,400466,23778,16841795,616,12375,42,759,4.97914685007683,48.2256530328529,46.7952001170703,14.6508377844443,"Large (10-100M)","Low Testing"
"Micronesia",26547,65,NA,NA,NA,225953,553,82430,701598,117489,4,1808,1,162271,0.244848758805138,NA,NA,3.10505895204731,"Small (<1M)","Medium Testing"
"San Marino",26185,128,26011,46,NA,768226,3755,196855,5775414,34085,1,266,0,1350,0.488829482528165,99.3354974221883,0.175673095283559,7.51785373305327,"Small (<1M)","High Testing"
"Solomon Islands",25954,199,NA,NA,NA,35989,276,NA,NA,721159,28,3624,NA,13032,0.76674115743238,NA,NA,NA,"Small (<1M)","Unknown"
"Congo",25375,386,24006,983,NA,4377,67,347815,59991,5797805,228,15020,17,170,1.52118226600985,94.6049261083744,3.87389162561576,13.7069950738916,"Medium (1-10M)","Low Testing"
"Timor-Leste",23460,138,23102,220,NA,17131,101,278529,203391,1369429,58,9923,5,161,0.588235294117647,98.4739982949702,0.937766410912191,11.8725063938619,"Medium (1-10M)","Medium Testing"
"Burkina Faso",22114,400,21596,118,NA,1001,18,248995,11265,22102838,999,55257,89,5,1.80880889933978,97.657592475355,0.533598625305236,11.2596092972777,"Large (10-100M)","Low Testing"
"Liechtenstein",21574,94,NA,NA,NA,562013,2449,112457,2929559,38387,2,408,0,3334,0.435709650505238,NA,NA,5.21261703902846,"Small (<1M)","High Testing"
"Gibraltar",20550,113,NA,NA,NA,609720,3353,534283,15852213,33704,2,298,0,114467,0.549878345498783,NA,NA,25.9991727493917,"Small (<1M)","High Testing"
"Grenada",19693,238,19358,97,4,173545,2097,182981,1612523,113475,6,477,1,855,1.2085512618697,98.2988879297212,0.492560808409079,9.29167724572183,"Small (<1M)","High Testing"
"Bermuda",18860,165,18685,10,NA,304493,2664,1029558,16622128,61939,3,375,0,161,0.874867444326617,99.0721102863203,0.0530222693531283,54.5895015906681,"Small (<1M)","High Testing"
"South Sudan",18819,147,18115,557,1,1620,13,410280,35313,11618511,617,79037,28,48,0.781125458313407,96.2590998459004,2.95977469578617,21.801370954886,"Large (10-100M)","Low Testing"
"Nicaragua",18491,225,4225,14041,NA,2728,33,NA,NA,6779100,367,30129,NA,2071,1.21680817695095,22.8489535449678,75.9342382780812,NA,"Medium (1-10M)","Unknown"
"Tajikistan",17786,125,17264,397,NA,1786,13,NA,NA,9957464,560,79660,NA,40,0.702799955020803,97.0651073878331,2.23209265714607,NA,"Medium (1-10M)","Unknown"
"Equatorial Guinea",17229,183,16907,139,5,11512,122,365697,244342,1496662,87,8178,4,93,1.06216263277033,98.1310580997156,0.806779267514075,21.2256660282083,"Medium (1-10M)","Medium Testing"
"Monaco",17181,67,NA,NA,NA,431868,1684,78646,1976875,39783,2,594,1,28203,0.389965659740411,NA,NA,4.57749839939468,"Small (<1M)","High Testing"
"Samoa",17006,31,1605,15370,NA,84089,153,187397,926612,202239,12,6524,1,75999,0.18228860402211,9.43784546630601,90.3798659296719,11.0194637186875,"Small (<1M)","Medium Testing"
"Tonga",16950,13,15638,1299,NA,157310,121,535009,4965327,107749,6,8288,0,12056,0.0766961651917404,92.259587020649,7.66371681415929,31.5639528023599,"Small (<1M)","High Testing"
"Marshall Islands",16138,17,16121,0,NA,268711,283,NA,NA,60057,4,3533,NA,NA,0.105341430164828,99.8946585698352,0,NA,"Small (<1M)","Unknown"
"Dominica",16038,74,15964,0,NA,221691,1023,229344,3170187,72344,5,978,0,NA,0.461404165107869,99.5385958348921,0,14.3000374111485,"Small (<1M)","High Testing"
"Djibouti",15690,189,15427,74,NA,15441,186,305941,301094,1016097,65,5376,3,73,1.20458891013384,98.3237731038878,0.47163798597833,19.4991077119184,"Medium (1-10M)","Medium Testing"
"CAR",15440,113,15200,127,2,3078,23,81294,16205,5016678,325,44395,62,25,0.731865284974093,98.4455958549223,0.822538860103627,5.26515544041451,"Medium (1-10M)","Low Testing"
"Gambia",12626,372,12189,65,NA,4935,145,155686,60851,2558482,203,6878,16,25,2.94630128306669,96.5388880088706,0.514810708062728,12.3305876762237,"Medium (1-10M)","Low Testing"
"Saint Martin",12324,63,NA,NA,NA,310194,1586,112382,2828643,39730,3,631,0,273395,0.511197663096397,NA,NA,9.11895488477767,"Small (<1M)","High Testing"
"Vanuatu",12019,14,11976,29,NA,37346,44,24976,77606,321832,27,22988,13,90,0.11648223645894,99.6422331308761,0.241284632664947,2.07804309842749,"Small (<1M)","Low Testing"
"Greenland",11971,21,2761,9189,4,210117,369,164926,2894810,56973,5,2713,0,161287,0.175423941191212,23.0640715061398,76.7605045526689,13.7771280594771,"Small (<1M)","High Testing"
"Yemen",11945,2159,9124,662,NA,383,69,329592,10579,31154867,2608,14430,95,21,18.074508162411,76.3834240267894,5.5420678107995,27.5924654667225,"Large (10-100M)","Low Testing"
"Caribbean Netherlands",11682,38,10476,1168,NA,438398,1426,30126,1130559,26647,2,701,1,43832,0.325286765964732,89.6764252696456,9.99828796438966,2.57883923985619,"Small (<1M)","High Testing"
"Sint Maarten",11051,92,10905,54,NA,251353,2093,62056,1411454,43966,4,478,1,1228,0.832503845805809,98.6788525925256,0.488643561668627,5.6154194190571,"Small (<1M)","High Testing"
"Eritrea",10189,103,10086,0,NA,2782,28,23693,6470,3662244,359,35556,155,NA,1.01089410148199,98.989105898518,0,2.32535086858377,"Medium (1-10M)","Low Testing"
"Niger",9931,312,8890,729,1,381,12,254538,9759,26083660,2626,83601,102,28,3.14167757526936,89.5176719363609,7.34065048836975,25.6306514953177,"Large (10-100M)","Low Testing"
"St. Vincent Grenadines",9674,124,9493,57,NA,86723,1112,114197,1023720,111551,12,900,1,511,1.281786231135,98.1290055819723,0.589208186892702,11.8045275997519,"Small (<1M)","High Testing"
"Guinea-Bissau",9614,177,8929,508,6,4659,86,145231,70385,2063367,215,11657,14,246,1.84106511337633,92.8749739962555,5.28396089036821,15.1061992926981,"Medium (1-10M)","Low Testing"
"Comoros",9109,161,8939,9,NA,10038,177,NA,NA,907419,100,5636,NA,10,1.76748270940828,98.1337139093204,0.0988033812712702,NA,"Small (<1M)","Unknown"
"Antigua and Barbuda",9106,146,8954,6,NA,91509,1467,18901,189943,99509,11,682,5,60,1.60333845815946,98.3307709202723,0.0658906215681968,2.07566439710081,"Small (<1M)","Medium Testing"
"Liberia",8090,295,7783,12,2,1525,56,139824,26356,5305117,656,17983,38,2,3.64647713226205,96.2051915945612,0.148331273176761,17.2835599505562,"Medium (1-10M)","Low Testing"
"Sierra Leone",7779,126,NA,NA,NA,937,15,259958,31296,8306436,1068,65924,32,332,1.61974546856922,NA,NA,33.4179200411364,"Medium (1-10M)","Low Testing"
"Chad",7701,194,4874,2633,NA,442,11,191341,10988,17413580,2261,89761,91,151,2.51915335670692,63.2904817556162,34.1903648876769,24.8462537332814,"Large (10-100M)","Low Testing"
"British Virgin Islands",7392,64,NA,NA,NA,241600,2092,107339,3508269,30596,4,478,0,3236,0.865800865800866,NA,NA,14.5209686147186,"Small (<1M)","High Testing"
"Cook Islands",7203,2,7150,51,NA,409937,114,19690,1120596,17571,2,8786,1,2903,0.027766208524226,99.264195474108,0.708038317367763,2.73358322921005,"Small (<1M)","High Testing"
"Sao Tome and Principe",6778,80,6685,13,NA,29770,351,29600,130008,227679,34,2846,8,57,1.18028917084686,98.6279138388905,0.191796990262614,4.36706993213337,"Small (<1M)","Medium Testing"
"Turks and Caicos",6752,40,6709,3,4,169900,1007,616788,15520193,39741,6,994,0,75,0.592417061611374,99.3631516587678,0.0444312796208531,91.3489336492891,"Small (<1M)","High Testing"
"Saint Kitts and Nevis",6607,48,6559,0,NA,122645,891,126958,2356704,53871,8,1122,0,NA,0.726502194642046,99.273497805358,0,19.2156803390344,"Small (<1M)","High Testing"
"Palau",6290,10,6276,4,NA,344979,548,71434,3917841,18233,3,1823,0,219,0.158982511923688,99.7774244833068,0.0635930047694754,11.3567567567568,"Small (<1M)","High Testing"
"St. Barth",5507,6,NA,NA,NA,553746,603,78646,7908095,9945,2,1658,0,506687,0.108952242600327,NA,NA,14.2810967859088,"Small (<1M)","High Testing"
"Nauru",5393,1,5347,45,NA,494635,92,20509,1881042,10903,2,10903,1,4127,0.0185425551641016,99.1470424624513,0.834414982384573,3.8028926386056,"Small (<1M)","High Testing"
"Kiribati",5085,24,2703,2358,3,41201,194,NA,NA,123419,24,5142,NA,19106,0.471976401179941,53.1563421828909,46.3716814159292,NA,"Small (<1M)","Unknown"
"Anguilla",3904,12,NA,NA,NA,256336,788,51382,3373736,15230,4,1269,0,854,0.307377049180328,NA,NA,13.1613729508197,"Small (<1M)","High Testing"
"Wallis and Futuna",3550,8,438,3104,NA,323256,728,20508,1867419,10982,3,1373,1,282644,0.225352112676056,12.3380281690141,87.4366197183099,5.7769014084507,"Small (<1M)","High Testing"
"Saint Pierre Miquelon",3452,2,2449,1001,NA,599410,347,25400,4410488,5759,2,2880,0,173815,0.0579374275782155,70.9443800695249,28.9976825028969,7.35805330243337,"Small (<1M)","High Testing"
"Tuvalu",2943,1,NA,NA,NA,243909,83,NA,NA,12066,4,12066,NA,243826,0.0339789330615019,NA,NA,NA,"Small (<1M)","Unknown"
"Saint Helena",2166,NA,2,2164,NA,354211,NA,NA,NA,6115,3,NA,NA,353884,NA,0.0923361034164358,99.9076638965836,NA,"Small (<1M)","Unknown"
"Falkland Islands",1930,NA,1930,0,NA,545352,NA,8632,2439107,3539,2,NA,0,NA,NA,100,0,4.47253886010363,"Small (<1M)","High Testing"
"Montserrat",1403,8,1376,19,NA,282578,1611,17762,3577442,4965,4,621,0,3827,0.570206699928724,98.0755523877406,1.35424091233072,12.6600142551675,"Small (<1M)","High Testing"
"Niue",1059,NA,1056,3,NA,652898,NA,NA,NA,1622,2,NA,NA,1850,NA,99.7167138810198,0.28328611898017,NA,"Small (<1M)","Unknown"
"Diamond Princess",712,13,699,0,NA,NA,NA,NA,NA,NA,NA,NA,NA,NA,1.82584269662921,98.1741573033708,0,NA,"Unknown","Unknown"
"Tokelau",80,NA,NA,80,NA,58055,NA,NA,NA,1378,17,NA,NA,58055,NA,NA,100,NA,"Small (<1M)","Unknown"
"Vatican City",29,NA,29,0,NA,36295,NA,NA,NA,799,28,NA,NA,NA,NA,100,0,NA,"Small (<1M)","Unknown"
"Western Sahara",10,1,9,0,NA,16,2,NA,NA,626161,62616,626161,NA,NA,10,90,0,NA,"Small (<1M)","Unknown"
"MS Zaandam",9,2,7,0,NA,NA,NA,NA,NA,NA,NA,NA,NA,NA,22.2222222222222,77.7777777777778,0,NA,"Unknown","Unknown"
"China",503302,5272,379053,118977,NA,347,4,1.6e+08,110461,1448471400,2878,274748,9,82,1.04748242605831,75.3132314197043,23.6392861542374,317.9005845397,"Very Large (>100M)","Medium Testing"
